"","FRP","Uniq_ID","trtmnt_tank","sample_day","infection_status","maturity","tube_number","Test_Date","Original_sample_conc_ng.ul","total_sample_vol_ul","total_yield_ng"
"1",6101,"6101_206_12","cold",12,0,"I","206",NA,NA,NA,NA
"2",6101,"6101_415_26","cold",26,0,"I","415",NA,NA,NA,NA
"3",6101,"6101_84_9","cold",9,0,"I","84",NA,NA,NA,NA
"4",6102,"6102_18_9","cold",9,0,"I","18",NA,NA,NA,NA
"5",6102,"6102_236_12","cold",12,0,"I","236",NA,NA,NA,NA
"6",6102,"6102_439_26","cold",26,0,"I","439",NA,NA,NA,NA
"7",6103,"6103_215_12","cold",12,1,"I","215","4/23/18 17:41","6.68",35,"233.8"
"8",6103,"6103_409_26","cold",26,1,"I","409",NA,NA,NA,NA
"9",6103,"6103_46_9","cold",9,1,"I","46","4/3/18 15:08","5.04",35,"176.4"
"10",6104,"6104_259_12","cold",12,0,"I","259",NA,NA,NA,NA
"11",6104,"6104_41_9","cold",9,0,"I","41",NA,NA,NA,NA
"12",6104,"6104_458_26","cold",26,0,"I","458",NA,NA,NA,NA
"13",6105,"6105_234_12","cold",12,1,"I","234",NA,NA,NA,NA
"14",6105,"6105_43_9","cold",9,1,"I","43",NA,NA,NA,NA
"15",6105,"6105_438_26","cold",26,1,"I","438",NA,NA,NA,NA
"16",6106,"6106_241_12","cold",12,0,"M","241",NA,NA,NA,NA
"17",6106,"6106_450_26","cold",26,0,"M","450",NA,NA,NA,NA
"18",6106,"6106_5_9","cold",9,0,"M","5",NA,NA,NA,NA
"19",6107,"6107_115_9","ambient",9,0,"M","115",NA,NA,NA,NA
"20",6107,"6107_350_12","ambient",12,0,"M","350",NA,NA,NA,NA
"21",6107,"6107_471_26","ambient",26,0,"M","471",NA,NA,NA,NA
"22",6108,"6108_255_12","cold",12,1,"I","255",NA,NA,NA,NA
"23",6108,"6108_455_26","cold",26,1,"I","455",NA,NA,NA,NA
"24",6108,"6108_6_9","cold",9,1,"I","6",NA,NA,NA,NA
"25",6109,"6109_31_9","ambient",9,0,"I","31",NA,NA,NA,NA
"26",6109,"6109_351_12","ambient",12,0,"I","351",NA,NA,NA,NA
"27",6109,"6109_480_26","ambient",26,0,"I","480",NA,NA,NA,NA
"28",6110,"6110_135_9","ambient",9,0,"I","135",NA,NA,NA,NA
"29",6110,"6110_331_12","ambient",12,0,"I","331",NA,NA,NA,NA
"30",6110,"6110_488_26","ambient",26,0,"I","488",NA,NA,NA,NA
"31",6111,"6111_356_12","ambient",12,1,"I","356",NA,NA,NA,NA
"32",6111,"6111_468_26","ambient",26,1,"I","468",NA,NA,NA,NA
"33",6111,"6111_90_9","ambient",9,1,"I","90",NA,NA,NA,NA
"34",6112,"6112_28_9","ambient",9,0,"I","28",NA,NA,NA,NA
"35",6112,"6112_317_12","ambient",12,0,"I","317",NA,NA,NA,NA
"36",6112,"6112_499_26","ambient",26,0,"I","499",NA,NA,NA,NA
"37",6113,"6113_214_12","cold",12,0,"I","214","4/24/18 14:51","3.55",35,"124.25"
"38",6113,"6113_419_26","cold",26,0,"I","419",NA,NA,NA,NA
"39",6113,"6113_78_9","cold",9,0,"I","78","4/24/18 14:51","2.19",35,"76.65"
"40",6114,"6114_142_9","ambient",9,1,"I","142",NA,NA,NA,NA
"41",6114,"6114_326_12","ambient",12,1,"I","326",NA,NA,NA,NA
"42",6114,"6114_484_26","ambient",26,1,"I","484",NA,NA,NA,NA
"43",6115,"6115_307_12","ambient",12,1,"I","307",NA,NA,NA,NA
"44",6115,"6115_33_9","ambient",9,1,"I","33",NA,NA,NA,NA
"45",6115,"6115_514_26","ambient",26,1,"I","514",NA,NA,NA,NA
"46",6116,"6116_212_12","cold",12,1,"I","212",NA,NA,NA,NA
"47",6116,"6116_417_26","cold",26,1,"I","417",NA,NA,NA,NA
"48",6116,"6116_76_9","cold",9,1,"I","76",NA,NA,NA,NA
"49",6117,"6117_225_12","cold",12,0,"I","225","4/24/18 14:51","1.76",35,"61.6"
"50",6117,"6117_42_9","cold",9,0,"I","42","4/24/18 14:51","0",35,"0"
"51",6117,"6117_440_26","cold",26,0,"I","440",NA,NA,NA,NA
"52",6118,"6118_240_12","cold",12,1,"I","240",NA,NA,NA,NA
"53",6118,"6118_430_26","cold",26,1,"I","430",NA,NA,NA,NA
"54",6118,"6118_87_9","cold",9,1,"I","87",NA,NA,NA,NA
"55",6119,"6119_153_9","cold",9,0,"I","153","4/10/18 17:22","2.02",35,"70.7"
"56",6119,"6119_258_12","cold",12,0,"I","258","4/10/18 17:22","3.86",35,"135.1"
"57",6119,"6119_461_26","cold",26,0,"I","461",NA,NA,NA,NA
"58",6120,"6120_165_9","cold",9,1,"I","165",NA,NA,NA,NA
"59",6120,"6120_248_12","cold",12,1,"I","248",NA,NA,NA,NA
"60",6120,"6120_459_26","cold",26,1,"I","459",NA,NA,NA,NA
"61",6121,"6121_15_9","ambient",9,1,"I","15",NA,NA,NA,NA
"62",6121,"6121_352_12","ambient",12,1,"I","352",NA,NA,NA,NA
"63",6121,"6121_472_26","ambient",26,1,"I","472",NA,NA,NA,NA
"64",6122,"6122_133_9","ambient",9,1,"I","133",NA,NA,NA,NA
"65",6122,"6122_325_12","ambient",12,1,"I","325",NA,NA,NA,NA
"66",6122,"6122_489_26","ambient",26,1,"I","489",NA,NA,NA,NA
"67",6123,"6123_345_12","ambient",12,0,"I","345",NA,NA,NA,NA
"68",6123,"6123_473_26","ambient",26,0,"I","473",NA,NA,NA,NA
"69",6123,"6123_82_9","ambient",9,0,"I","82",NA,NA,NA,NA
"70",6124,"6124_347_12","ambient",12,0,"M","347",NA,NA,NA,NA
"71",6124,"6124_464_26","ambient",26,0,"M","464",NA,NA,NA,NA
"72",6124,"6124_75_9","ambient",9,0,"M","75",NA,NA,NA,NA
"73",6125,"6125_144_9","ambient",9,1,"I","144",NA,NA,NA,NA
"74",6125,"6125_303_12","ambient",12,1,"I","303",NA,NA,NA,NA
"75",6125,"6125_503_26","ambient",26,1,"I","503",NA,NA,NA,NA
"76",6126,"6126_201_12","cold",12,1,"I","201",NA,NA,NA,NA
"77",6126,"6126_418_26","cold",26,1,"I","418",NA,NA,NA,NA
"78",6126,"6126_79_9","cold",9,1,"I","79",NA,NA,NA,NA
"79",6127,"6127_335_12","ambient",12,0,"I","335","5/2/18 13:08","3.46",35,"121.1"
"80",6127,"6127_37_9","ambient",9,0,"I","37","5/1/18 17:58","3.38",35,"118.3"
"81",6127,"6127_497_26","ambient",26,0,"I","497",NA,NA,NA,NA
"82",6128,"6128_112_9","cold",9,1,"I","112",NA,NA,NA,NA
"83",6128,"6128_231_12","cold",12,1,"I","231",NA,NA,NA,NA
"84",6128,"6128_441_26","cold",26,1,"I","441",NA,NA,NA,NA
"85",6129,"6129_299_12","warm",12,1,"I","299","4/20/18 14:30","0",35,"0"
"86",6129,"6129_403_26","warm",26,1,"I","403",NA,NA,NA,NA
"87",6129,"6129_86_9","warm",9,1,"I","86","4/20/18 14:18","3.09",35,"108.15"
"88",6130,"6130_339_12","ambient",12,0,"I","339","4/9/18 13:19","0.88",35,"30.8"
"89",6130,"6130_47_9","ambient",9,0,"I","47","4/9/18 13:18","7.32",35,"256.2"
"90",6130,"6130_498_26","ambient",26,0,"I","498",NA,NA,NA,NA
"91",6131,"6131_314_12","ambient",12,0,"I","314","4/9/18 13:19","1.42",35,"49.7"
"92",6131,"6131_38_9","ambient",9,0,"I","38","4/9/18 13:19","0",35,"0"
"93",6131,"6131_507_26","ambient",26,0,"I","507",NA,NA,NA,NA
"94",6132,"6132_205_12","cold",12,0,"I","205","4/10/18 17:23","1.64",35,"57.4"
"95",6132,"6132_406_26","cold",26,0,"I","406",NA,NA,NA,NA
"96",6132,"6132_88_9","cold",9,0,"I","88","4/10/18 14:47","2.81",35,"98.35"
"97",6133,"6133_223_12","cold",12,0,"I","223","4/10/18 17:23","8.24",35,"288.4"
"98",6133,"6133_36_9","cold",9,0,"I","36","4/10/18 14:47","4.16",35,"145.6"
"99",6133,"6133_434_26","cold",26,0,"I","434",NA,NA,NA,NA
"100",6134,"6134_353_12","ambient",12,1,"I","353","4/6/18 13:39","2.68",35,"93.8"
"101",6134,"6134_465_26","ambient",26,1,"I","465",NA,NA,NA,NA
"102",6134,"6134_77_9","ambient",9,1,"I","77","3/26/18 13:25","1.71",35,"59.85"
"103",6135,"6135_327_12","ambient",12,1,"M","327","4/6/18 13:38","2.01",35,"70.35"
"104",6135,"6135_4_9","ambient",9,1,"M","4","4/6/18 13:38","3.52",35,"123.2"
"105",6135,"6135_492_26","ambient",26,1,"M","492",NA,NA,NA,NA
"106",6136,"6136_321_12","ambient",12,0,"M","321",NA,NA,NA,NA
"107",6136,"6136_491_26","ambient",26,0,"M","491",NA,NA,NA,NA
"108",6136,"6136_91_9","ambient",9,0,"M","91",NA,NA,NA,NA
"109",6137,"6137_301_12","ambient",12,1,"I","301",NA,NA,NA,NA
"110",6137,"6137_500_26","ambient",26,1,"I","500",NA,NA,NA,NA
"111",6137,"6137_81_9","ambient",9,1,"I","81",NA,NA,NA,NA
"112",6138,"6138_247_12","cold",12,0,"I","247","4/24/18 14:32","6.44",35,"225.4"
"113",6138,"6138_453_26","cold",26,0,"I","453",NA,NA,NA,NA
"114",6138,"6138_80_9","cold",9,0,"I","80","4/24/18 14:32","2.66",35,"93.1"
"115",6139,"6139_104_9","ambient",9,3,"M","104",NA,NA,NA,NA
"116",6139,"6139_332_12","ambient",12,3,"M","332",NA,NA,NA,NA
"117",6139,"6139_493_26","ambient",26,3,"M","493",NA,NA,NA,NA
"118",6140,"6140_237_12","cold",12,1,"I","237",NA,NA,NA,NA
"119",6140,"6140_429_26","cold",26,1,"I","429",NA,NA,NA,NA
"120",6140,"6140_8_9","cold",9,1,"I","8",NA,NA,NA,NA
"121",6141,"6141_123_9","cold",9,1,"I","123",NA,NA,NA,NA
"122",6141,"6141_249_12","cold",12,1,"I","249",NA,NA,NA,NA
"123",6141,"6141_451_26","cold",26,1,"I","451",NA,NA,NA,NA
"124",6142,"6142_346_12","ambient",12,0,"I","346","4/9/18 13:19","1.8",35,"63"
"125",6142,"6142_474_26","ambient",26,0,"I","474",NA,NA,NA,NA
"126",6142,"6142_65_9","ambient",9,0,"I","65","3/27/18 15:08","0",35,"0"
"127",6143,"6143_10_9","ambient",9,0,"M","10",NA,NA,NA,NA
"128",6143,"6143_343_12","ambient",12,0,"M","343",NA,NA,NA,NA
"129",6143,"6143_479_26","ambient",26,0,"M","479",NA,NA,NA,NA
"130",6144,"6144_14_9","ambient",9,1,"I","14","4/6/18 13:38","4.92",35,"172.2"
"131",6144,"6144_348_12","ambient",12,1,"I","348","4/6/18 13:39","5.76",35,"201.6"
"132",6144,"6144_477_26","ambient",26,1,"I","477",NA,NA,NA,NA
"133",6145,"6145_305_12","ambient",12,1,"I","305","4/6/18 14:03","2.44",35,"85.4"
"134",6145,"6145_505_26","ambient",26,1,"I","505",NA,NA,NA,NA
"135",6145,"6145_59_9","ambient",9,1,"I","59","4/6/18 14:03","2.34",35,"81.9"
"136",6146,"6146_12_9","ambient",9,0,"I","12","4/9/18 13:37","0",35,"0"
"137",6146,"6146_309_12","ambient",12,0,"I","309","4/9/18 13:37","4",35,"140"
"138",6146,"6146_502_26","ambient",26,0,"I","502",NA,NA,NA,NA
"139",6147,"6147_204_12","cold",12,0,"I","204","4/29/18 17:58","3.6",35,"126"
"140",6147,"6147_30_9","cold",9,0,"I","30","4/29/18 17:58","0",35,"0"
"141",6147,"6147_421_26","cold",26,0,"I","421",NA,NA,NA,NA
"142",6148,"6148_213_12","cold",12,1,"I","213",NA,NA,NA,NA
"143",6148,"6148_405_26","cold",26,1,"I","405",NA,NA,NA,NA
"144",6148,"6148_56_9","cold",9,1,"I","56","2/28/18 17:59","0.896",35,"31.36"
"145",6149,"6149_226_12","cold",12,1,"I","226",NA,NA,NA,NA
"146",6149,"6149_437_26","cold",26,1,"I","437",NA,NA,NA,NA
"147",6149,"6149_64_9","cold",9,1,"I","64",NA,NA,NA,NA
"148",6150,"6150_119_9","ambient",9,0,"M","119",NA,NA,NA,NA
"149",6150,"6150_312_12","ambient",12,0,"M","312",NA,NA,NA,NA
"150",6150,"6150_511_26","ambient",26,0,"M","511",NA,NA,NA,NA
"151",6151,"6151_19_9","cold",9,1,"I","19",NA,NA,NA,NA
"152",6151,"6151_243_12","cold",12,1,"I","243",NA,NA,NA,NA
"153",6151,"6151_454_26","cold",26,1,"I","454",NA,NA,NA,NA
"154",6152,"6152_32_9","ambient",9,0,"M","32",NA,NA,NA,NA
"155",6152,"6152_344_12","ambient",12,0,"M","344",NA,NA,NA,NA
"156",6152,"6152_467_26","ambient",26,0,"M","467",NA,NA,NA,NA
"157",6153,"6153_11_9","cold",9,0,"M","11",NA,NA,NA,NA
"158",6153,"6153_209_12","cold",12,0,"M","209",NA,NA,NA,NA
"159",6153,"6153_404_26","cold",26,0,"M","404",NA,NA,NA,NA
"160",6154,"6154_232_12","cold",12,0,"I","232","4/29/18 17:58","2.38",35,"83.3"
"161",6154,"6154_436_26","cold",26,0,"I","436",NA,NA,NA,NA
"162",6154,"6154_68_9","cold",9,0,"I","68","4/29/18 17:58","2.1",35,"73.5"
"163",6155,"6155_358_12","ambient",12,1,"I","358","4/6/18 14:03","3.71",35,"129.85"
"164",6155,"6155_476_26","ambient",26,1,"I","476",NA,NA,NA,NA
"165",6155,"6155_66_9","ambient",9,1,"I","66","4/6/18 14:03","0",35,"0"
"166",6156,"6156_24_9","cold",9,0,"I","24",NA,NA,NA,NA
"167",6156,"6156_242_12","cold",12,0,"I","242",NA,NA,NA,NA
"168",6156,"6156_446_26","cold",26,0,"I","446",NA,NA,NA,NA
"169",6157,"6157_169_9","cold",9,0,"M","169",NA,NA,NA,NA
"170",6157,"6157_224_12","cold",12,0,"M","224",NA,NA,NA,NA
"171",6157,"6157_423_26","cold",26,0,"M","423",NA,NA,NA,NA
"172",6158,"6158_101_9","ambient",9,1,"I","101",NA,NA,NA,NA
"173",6158,"6158_324_12","ambient",12,1,"I","324",NA,NA,NA,NA
"174",6158,"6158_483_26","ambient",26,1,"I","483",NA,NA,NA,NA
"175",6159,"6159_26_9","ambient",9,1,"I","26","4/6/18 14:02","1.38",35,"48.3"
"176",6159,"6159_313_12","ambient",12,1,"I","313","3/26/18 13:35","2",35,"70"
"177",6159,"6159_508_26","ambient",26,1,"I","508",NA,NA,NA,NA
"178",6160,"6160_238_12","cold",12,0,"M","238",NA,NA,NA,NA
"179",6160,"6160_426_26","cold",26,0,"M","426",NA,NA,NA,NA
"180",6160,"6160_7_9","cold",9,0,"M","7",NA,NA,NA,NA
"181",6161,"6161_302_12","ambient",12,0,"M","302",NA,NA,NA,NA
"182",6161,"6161_512_26","ambient",26,0,"M","512",NA,NA,NA,NA
"183",6161,"6161_53_9","ambient",9,0,"M","53",NA,NA,NA,NA
"184",6162,"6162_220_12","cold",12,1,"I","220",NA,NA,NA,NA
"185",6162,"6162_407_26","cold",26,1,"I","407",NA,NA,NA,NA
"186",6162,"6162_61_9","cold",9,1,"I","61",NA,NA,NA,NA
"187",6163,"6163_130_9","cold",9,1,"I","130",NA,NA,NA,NA
"188",6163,"6163_228_12","cold",12,1,"I","228",NA,NA,NA,NA
"189",6163,"6163_424_26","cold",26,1,"I","424",NA,NA,NA,NA
"190",6164,"6164_257_12","cold",12,1,"I","257",NA,NA,NA,NA
"191",6164,"6164_460_26","cold",26,1,"I","460",NA,NA,NA,NA
"192",6164,"6164_71_9","cold",9,1,"I","71",NA,NA,NA,NA
"193",6165,"6165_360_12","ambient",12,0,"I","360","4/9/18 13:37","1.55",35,"54.25"
"194",6165,"6165_469_26","ambient",26,0,"I","469",NA,NA,NA,NA
"195",6165,"6165_55_9","ambient",9,0,"I","55","3/28/18 14:16","1.16",35,"40.6"
"196",6166,"6166_21_9","ambient",9,0,"I","21","4/9/18 13:37","1.72",35,"60.2"
"197",6166,"6166_349_12","ambient",12,0,"I","349","4/9/18 13:38","5.56",35,"194.6"
"198",6166,"6166_496_26","ambient",26,0,"I","496",NA,NA,NA,NA
"199",6167,"6167_207_12","cold",12,0,"I","207","4/29/18 17:58","1.88",35,"65.8"
"200",6167,"6167_414_26","cold",26,0,"I","414",NA,NA,NA,NA
"201",6167,"6167_45_9","cold",9,0,"I","45","4/29/18 17:58","5.4",35,"189"
"202",6168,"6168_27_9","ambient",9,1,"I","27",NA,NA,NA,NA
"203",6168,"6168_357_12","ambient",12,1,"I","357",NA,NA,NA,NA
"204",6168,"6168_466_26","ambient",26,1,"I","466",NA,NA,NA,NA
"205",6169,"6169_328_12","ambient",12,1,"I","328",NA,NA,NA,NA
"206",6169,"6169_486_26","ambient",26,1,"I","486",NA,NA,NA,NA
"207",6169,"6169_57_9","ambient",9,1,"I","57",NA,NA,NA,NA
"208",6170,"6170_320_12","ambient",12,1,"I","320",NA,NA,NA,NA
"209",6170,"6170_516_26","ambient",26,1,"I","516",NA,NA,NA,NA
"210",6170,"6170_70_9","ambient",9,1,"I","70",NA,NA,NA,NA
"211",6171,"6171_221_12","cold",12,0,"I","221","5/1/18 17:59","3.22",35,"112.7"
"212",6171,"6171_427_26","cold",26,0,"I","427",NA,NA,NA,NA
"213",6171,"6171_73_9","cold",9,0,"I","73","5/2/18 13:08","5.28",35,"184.8"
"214",6172,"6172_316_12","cold",12,0,"M","316",NA,NA,NA,NA
"215",6172,"6172_517_26","cold",26,0,"M","517",NA,NA,NA,NA
"216",6172,"6172_60,_9","cold",9,0,"M","60, 100",NA,NA,NA,NA
"217",6173,"6173_210_12","cold",12,1,"I","210",NA,NA,NA,NA
"218",6173,"6173_420_26","cold",26,1,"I","420",NA,NA,NA,NA
"219",6173,"6173_63_9","cold",9,1,"I","63",NA,NA,NA,NA
"220",6174,"6174_20_9","cold",9,1,"I","20",NA,NA,NA,NA
"221",6174,"6174_233_12","cold",12,1,"I","233",NA,NA,NA,NA
"222",6174,"6174_433_26","cold",26,1,"I","433",NA,NA,NA,NA
"223",6175,"6175_246_12","cold",12,0,"I","246",NA,NA,NA,NA
"224",6175,"6175_447_26","cold",26,0,"I","447",NA,NA,NA,NA
"225",6175,"6175_67_9","cold",9,0,"I","67",NA,NA,NA,NA
"226",6176,"6176_329_12","ambient",12,0,"M","329",NA,NA,NA,NA
"227",6176,"6176_48_9","ambient",9,0,"M","48",NA,NA,NA,NA
"228",6176,"6176_490_26","ambient",26,0,"M","490",NA,NA,NA,NA
"229",6177,"6177_250_12","cold",12,1,"I","250",NA,NA,NA,NA
"230",6177,"6177_456_26","cold",26,1,"I","456",NA,NA,NA,NA
"231",6177,"6177_54_9","cold",9,1,"I","54",NA,NA,NA,NA
"232",6178,"6178_124_9","cold",9,0,"M","124",NA,NA,NA,NA
"233",6178,"6178_218_12","cold",12,0,"M","218",NA,NA,NA,NA
"234",6178,"6178_410_26","cold",26,0,"M","410",NA,NA,NA,NA
"235",6179,"6179_315_12","ambient",12,0,"M","315",NA,NA,NA,NA
"236",6179,"6179_34_9","ambient",9,0,"M","34",NA,NA,NA,NA
"237",6179,"6179_515_26","ambient",26,0,"M","515",NA,NA,NA,NA
"238",6180,"6180_149_9","warm",9,0,"I","149","4/20/18 14:30","2.51",35,"87.85"
"239",6180,"6180_370_12","warm",12,0,"I","370","4/20/18 14:30","1.8",35,"63"
"240",6180,"6180_402_26","warm",26,0,"I","402",NA,NA,NA,NA
"241",6181,"6181_175_9","ambient",9,0,"I","175","4/28/18 15:42","1.64",35,"57.4"
"242",6181,"6181_355_12","ambient",12,0,"I","355","4/28/18 15:42","3.32",35,"116.2"
"243",6181,"6181_470_26","ambient",26,0,"I","470",NA,NA,NA,NA
"244",6182,"6182_137_9","ambient",9,1,"I","137",NA,NA,NA,NA
"245",6182,"6182_354_12","ambient",12,1,"I","354",NA,NA,NA,NA
"246",6182,"6182_462_26","ambient",26,1,"I","462",NA,NA,NA,NA
"247",6183,"6183_141_9","ambient",9,1,"I","141","5/1/18 17:58","Out of range",35,"#VALUE!"
"248",6183,"6183_322_12","ambient",12,1,"I","322","5/1/18 17:59","2.69",35,"94.15"
"249",6183,"6183_494_26","ambient",26,1,"I","494",NA,NA,NA,NA
"250",6184,"6184_148_9","ambient",9,1,"I","148","5/1/18 14:27","5.08",35,"177.8"
"251",6184,"6184_318_12","ambient",12,1,"I","318","5/1/18 14:28","2.84",35,"99.4"
"252",6184,"6184_513_26","ambient",26,1,"I","513",NA,NA,NA,NA
"253",6185,"6185_145_9","ambient",9,0,"I","145","4/28/18 15:42","4.4",35,"154"
"254",6185,"6185_336_12","ambient",12,0,"I","336","4/28/18 15:42","2.62",35,"91.7"
"255",6185,"6185_487_26","ambient",26,0,"I","487",NA,NA,NA,NA
"256",6186,"6186_171_9","ambient",9,0,"I","171","4/28/18 15:42","3.41",35,"119.35"
"257",6186,"6186_306_12","ambient",12,0,"I","306","4/28/18 15:43","3.03",35,"106.05"
"258",6186,"6186_510_26","ambient",26,0,"I","510",NA,NA,NA,NA
"259",6187,"6187_158_9","cold",9,1,"I","158",NA,NA,NA,NA
"260",6187,"6187_239_12","cold",12,1,"I","239",NA,NA,NA,NA
"261",6187,"6187_431_26","cold",26,1,"I","431",NA,NA,NA,NA
"262",6188,"6188_172_9","cold",9,1,"I","172",NA,NA,NA,NA
"263",6188,"6188_245_12","cold",12,1,"I","245",NA,NA,NA,NA
"264",6188,"6188_443_26","cold",26,1,"I","443",NA,NA,NA,NA
"265",6189,"6189_176_9","cold",9,0,"I","176","2/28/18 18:00","Out of range",35,"#VALUE!"
"266",6189,"6189_216_12","cold",12,0,"I","216",NA,NA,NA,NA
"267",6189,"6189_422_26","cold",26,0,"I","422",NA,NA,NA,NA
"268",6190,"6190_101_9","cold",9,3,"M","101",NA,NA,NA,NA
"269",6190,"6190_256_12","cold",12,3,"M","256",NA,NA,NA,NA
"270",6190,"6190_452_26","cold",26,3,"M","452",NA,NA,NA,NA
"271",6191,"6191_227_12","cold",12,0,"I","227",NA,NA,NA,NA
"272",6191,"6191_442_26","cold",26,0,"I","442",NA,NA,NA,NA
"273",6191,"6191_95_9","cold",9,0,"I","95",NA,NA,NA,NA
"274",6192,"6192_178_9","ambient",9,1,"I","178","5/1/18 14:27","26",35,"910"
"275",6192,"6192_359_12","ambient",12,1,"I","359","5/1/18 14:28","5.68",35,"198.8"
"276",6192,"6192_463_26","ambient",26,1,"I","463",NA,NA,NA,NA
"277",6193,"6193_174_9","ambient",9,1,"I","174","5/1/18 14:28","3.36",35,"117.6"
"278",6193,"6193_333_12","ambient",12,1,"I","333","5/1/18 14:28","6.08",35,"212.8"
"279",6193,"6193_482_26","ambient",26,1,"I","482",NA,NA,NA,NA
"280",6194,"6194_235_12","cold",12,0,"M","235",NA,NA,NA,NA
"281",6194,"6194_432_26","cold",26,0,"M","432",NA,NA,NA,NA
"282",6194,"6194_98_9","cold",9,0,"M","98",NA,NA,NA,NA
"283",6195,"6195_150_9","ambient",9,1,"I","150","5/1/18 17:59","5.04",35,"176.4"
"284",6195,"6195_304_12","ambient",12,1,"I","304","5/1/18 17:59","2.69",35,"94.15"
"285",6195,"6195_501_26","ambient",26,1,"I","501",NA,NA,NA,NA
"286",6196,"6196_170_9","cold",9,1,"I","170",NA,NA,NA,NA
"287",6196,"6196_203_12","cold",12,1,"I","203",NA,NA,NA,NA
"288",6196,"6196_408_26","cold",26,1,"I","408",NA,NA,NA,NA
"289",6197,"6197_161_9","cold",9,0,"M","161",NA,NA,NA,NA
"290",6197,"6197_244_12","cold",12,0,"M","244",NA,NA,NA,NA
"291",6197,"6197_449_26","cold",26,0,"M","449",NA,NA,NA,NA
"292",6198,"6198_154_9","cold",9,1,"I","154","4/4/18 13:58","1.32",35,"46.2"
"293",6198,"6198_230_12","cold",12,1,"I","230","4/23/18 18:02","6.2",35,"217"
"294",6198,"6198_428_26","cold",26,1,"I","428",NA,NA,NA,NA
"295",6199,"6199_151_9","cold",9,1,"I","151",NA,NA,NA,NA
"296",6199,"6199_254_12","cold",12,1,"I","254",NA,NA,NA,NA
"297",6199,"6199_445_26","cold",26,1,"I","445",NA,NA,NA,NA
"298",6200,"6200_208_12","cold",12,3,"M","208",NA,NA,NA,NA
"299",6200,"6200_416_26","cold",26,3,"M","416",NA,NA,NA,NA
"300",6200,"6200_94_9","cold",9,3,"M","94",NA,NA,NA,NA
"301",6201,"6201_163_9","ambient",9,1,"I","163",NA,NA,NA,NA
"302",6201,"6201_341_12","ambient",12,1,"I","341",NA,NA,NA,NA
"303",6201,"6201_478_26","ambient",26,1,"I","478",NA,NA,NA,NA
"304",6202,"6202_109_9","ambient",9,1,"I","109",NA,NA,NA,NA
"305",6202,"6202_337_12","ambient",12,1,"I","337",NA,NA,NA,NA
"306",6202,"6202_495_26","ambient",26,1,"I","495",NA,NA,NA,NA
"307",6203,"6203_113_9","cold",9,0,"M","113",NA,NA,NA,NA
"308",6203,"6203_222_12","cold",12,0,"M","222",NA,NA,NA,NA
"309",6203,"6203_425_26","cold",26,0,"M","425",NA,NA,NA,NA
"310",6204,"6204_114_9","cold",9,3,"M","114",NA,NA,NA,NA
"311",6204,"6204_252_12","cold",12,3,"M","252",NA,NA,NA,NA
"312",6204,"6204_448_26","cold",26,3,"M","448",NA,NA,NA,NA
"313",6205,"6205_121_9","ambient",9,0,"I","121",NA,NA,NA,NA
"314",6205,"6205_342_12","ambient",12,0,"I","342",NA,NA,NA,NA
"315",6205,"6205_475_26","ambient",26,0,"I","475",NA,NA,NA,NA
"316",6206,"6206_103_9","ambient",9,1,"I","103",NA,NA,NA,NA
"317",6206,"6206_319_12","ambient",12,1,"I","319",NA,NA,NA,NA
"318",6206,"6206_509_26","ambient",26,1,"I","509",NA,NA,NA,NA
"319",6207,"6207_128_9","cold",9,1,"I","128","4/23/18 18:01","5.32",35,"186.2"
"320",6207,"6207_202_12","cold",12,1,"I","202","4/23/18 18:02","4.68",35,"163.8"
"321",6207,"6207_412_26","cold",26,1,"I","412",NA,NA,NA,NA
"322",6208,"6208_106_9","cold",9,1,"I","106","4/23/18 18:02","3.1",35,"108.5"
"323",6208,"6208_229_12","cold",12,1,"I","229","4/23/18 18:02","2.12",35,"74.2"
"324",6208,"6208_435_26","cold",26,1,"I","435",NA,NA,NA,NA
"325",6209,"6209_125_9","cold",9,1,"I","125","4/23/18 17:40","5.88",35,"205.8"
"326",6209,"6209_251_12","cold",12,1,"I","251","4/23/18 17:40","4.8",35,"168"
"327",6209,"6209_444_26","cold",26,1,"I","444",NA,NA,NA,NA
"328",6210,"6210_120_9","warm",9,1,"I","120","4/20/18 14:18","0",35,"0"
"329",6210,"6210_274_12","warm",12,1,"I","274","4/20/18 14:30","2.44",35,"85.4"
"330",6210,"6210_401_26","warm",26,1,"I","401",NA,NA,NA,NA
"331",6211,"6211_118_9","ambient",9,1,"I","118",NA,NA,NA,NA
"332",6211,"6211_349_12","ambient",12,1,"I","349","4/9/18 13:38","5.56",35,"194.6"
"333",6211,"6211_481_26","ambient",26,1,"I","481",NA,NA,NA,NA
"334",6212,"6212_132_9","ambient",9,1,"I","132",NA,NA,NA,NA
"335",6212,"6212_334_12","ambient",12,1,"I","334",NA,NA,NA,NA
"336",6212,"6212_485_26","ambient",26,1,"I","485",NA,NA,NA,NA
"337",6213,"6213_108_9","ambient",9,0,"I","108",NA,NA,NA,NA
"338",6213,"6213_310_12","ambient",12,0,"I","310",NA,NA,NA,NA
"339",6213,"6213_506_26","ambient",26,0,"I","506",NA,NA,NA,NA
"340",6214,"6214_107_9","ambient",9,1,"I","107","5/2/18 13:07","2.59",35,"90.65"
"341",6214,"6214_311_12","ambient",12,1,"I","311","5/2/18 13:08","2.05",35,"71.75"
"342",6214,"6214_504_26","ambient",26,1,"I","504",NA,NA,NA,NA
"343",6215,"6215_23_9","cold",9,1,"I","23","4/23/18 17:41","1.16",35,"40.6"
"344",6215,"6215_253_12","cold",12,1,"#N/A","253","4/23/18 17:41","0.84",35,"29.4"
"345",6215,"6215_457_26","cold",26,1,"#N/A","457",NA,NA,NA,NA
"346",6216,"6216_267_12","warm",12,0,"I","267","5/23/18 14:54","4.88",35,"170.8"
"347",6216,"6216_40_9","warm",9,0,"I","40","5/23/18 14:54","1.75",35,"61.25"
"348",6217,"6217_129_9","warm",9,0,"I","129",NA,NA,NA,NA
"349",6217,"6217_285_12","warm",12,0,"I","285",NA,NA,NA,NA
"350",6218,"6218_373_12","warm",12,3,"I","373",NA,NA,NA,NA
"351",6218,"6218_93_9","warm",9,3,"I","93",NA,NA,NA,NA
"352",6219,"6219_116_9","warm",9,1,"I","116","5/24/18 13:51","4.2",35,"147"
"353",6219,"6219_276_12","warm",12,1,"I","276","5/24/18 13:51","4.2",35,"147"
"354",6220,"6220_162_9","warm",9,1,"I","162","5/24/18 13:51","2.88",35,"100.8"
"355",6220,"6220_293_12","warm",12,1,"I","293","5/24/18 13:51","8.52",35,"298.2"
"356",6221,"6221_16_9","warm",9,1,"I","16","5/24/18 17:46","10.2",35,"357"
"357",6221,"6221_380_12","warm",12,1,"I","380","5/24/18 17:46","3.03",35,"106.05"
"358",6222,"6222_1_9","warm",9,0,"M","1",NA,NA,NA,NA
"359",6222,"6222_266_12","warm",12,0,"M","266",NA,NA,NA,NA
"360",6223,"6223_270_12","warm",12,0,"M","270",NA,NA,NA,NA
"361",6223,"6223_44_9","warm",9,0,"M","44",NA,NA,NA,NA
"362",6224,"6224_277_12","warm",12,1,"I","277","5/24/18 17:46","9.32",35,"326.2"
"363",6224,"6224_74_9","warm",9,1,"I","74","5/24/18 17:46","4.6",35,"161"
"364",6225,"6225_298_12","warm",12,1,"I","298","5/24/18 17:47","2.1",35,"73.5"
"365",6225,"6225_92_9","warm",9,1,"I","92","5/24/18 17:46","6.56",35,"229.6"
"366",6226,"6226_260_12","warm",12,0,"I","260","5/23/18 14:55","8.28",35,"289.8"
"367",6226,"6226_85_9","warm",9,0,"I","85","5/23/18 14:55","10.8",35,"378"
"368",6227,"6227_366_12","warm",12,1,"I","366","5/24/18 17:47","2.41",35,"84.35"
"369",6227,"6227_83_9","warm",9,1,"I","83","5/24/18 17:47","3.44",35,"120.4"
"370",6228,"6228_29_9","warm",9,0,"I","29",NA,NA,NA,NA
"371",6228,"6228_290_12","warm",12,0,"I","290",NA,NA,NA,NA
"372",6229,"6229_379_12","warm",12,0,"I","379","5/23/18 14:55","3.94",35,"137.9"
"373",6229,"6229_89_9","warm",9,0,"I","89","5/23/18 14:55","4.96",35,"173.6"
"374",6230,"6230_22_9","warm",9,0,"M","22",NA,NA,NA,NA
"375",6230,"6230_292_12","warm",12,0,"M","292",NA,NA,NA,NA
"376",6231,"6231_102_9","warm",9,1,"I","102",NA,NA,NA,NA
"377",6231,"6231_278_12","warm",12,1,"I","278",NA,NA,NA,NA
"378",6232,"6232_286_12","warm",12,0,"M","286",NA,NA,NA,NA
"379",6232,"6232_52_9","warm",9,0,"M","52",NA,NA,NA,NA
"380",6233,"6233_117_9","warm",9,1,"I","117",NA,NA,NA,NA
"381",6233,"6233_371_12","warm",12,1,"I","371",NA,NA,NA,NA
"382",6234,"6234_2_9","warm",9,0,"I","2",NA,NA,NA,NA
"383",6234,"6234_263_12","warm",12,0,"I","263",NA,NA,NA,NA
"384",6235,"6235_297_12","warm",12,0,"I","297",NA,NA,NA,NA
"385",6235,"6235_35_9","warm",9,0,"I","35",NA,NA,NA,NA
"386",6236,"6236_157_9","warm",9,0,"I","157","5/23/18 14:55","7.6",35,"266"
"387",6236,"6236_361_12","warm",12,0,"I","361","5/23/18 14:55","6.52",35,"228.2"
"388",6237,"6237_17_9","warm",9,1,"I","17",NA,NA,NA,NA
"389",6237,"6237_271_12","warm",12,1,"I","271",NA,NA,NA,NA
"390",6238,"6238_375_12","warm",12,0,"M","375",NA,NA,NA,NA
"391",6238,"6238_9_9","warm",9,0,"M","9",NA,NA,NA,NA
"392",6239,"6239_166_9","warm",9,1,"I","166",NA,NA,NA,NA
"393",6239,"6239_291_12","warm",12,1,"I","291",NA,NA,NA,NA
"394",6240,"6240_134_9","warm",9,1,"I","134",NA,NA,NA,NA
"395",6240,"6240_362_12","warm",12,1,"I","362",NA,NA,NA,NA
"396",6241,"6241_323_12","ambient",12,1,"I","323",NA,NA,NA,NA
"397",6241,"6241_62_9","ambient",9,1,"I","62",NA,NA,NA,NA
"398",6242,"6242_377_12","warm",12,0,"M","377",NA,NA,NA,NA
"399",6242,"6242_39_9","warm",9,0,"M","39",NA,NA,NA,NA
"400",6243,"6243_173_9","warm",9,1,"I","173",NA,NA,NA,NA
"401",6243,"6243_272_12","warm",12,1,"I","272",NA,NA,NA,NA
"402",6244,"6244_284_12","warm",12,1,"I","284",NA,NA,NA,NA
"403",6244,"6244_58_9","warm",9,1,"I","58",NA,NA,NA,NA
"404",6245,"6245_126_9","warm",9,1,"I","126",NA,NA,NA,NA
"405",6245,"6245_365_12","warm",12,1,"I","365",NA,NA,NA,NA
"406",6246,"6246_265_12","warm",12,0,"I","265","5/24/18 13:50","7.24",35,"253.4"
"407",6246,"6246_3_9","warm",9,0,"I","3","5/24/18 13:50","7.2",35,"252"
"408",6247,"6247_152_9","warm",9,0,"I","152","5/24/18 13:51","2.46",35,"86.1"
"409",6247,"6247_287_12","warm",12,0,"I","287","5/24/18 13:51","5.52",35,"193.2"
"410",6248,"6248_378_12","warm",12,0,"I","378",NA,NA,NA,NA
"411",6248,"6248_49_9","warm",9,0,"I","49",NA,NA,NA,NA
"412",6249,"6249_279_12","warm",12,1,"I","279",NA,NA,NA,NA
"413",6249,"6249_96_9","warm",9,1,"I","96",NA,NA,NA,NA
"414",6250,"6250_294_12","warm",12,1,"I","294",NA,NA,NA,NA
"415",6250,"6250_72_9","warm",9,1,"I","72",NA,NA,NA,NA
"416",6251,"6251_167_9","warm",9,1,"I","167",NA,NA,NA,NA
"417",6251,"6251_376_12","warm",12,1,"I","376",NA,NA,NA,NA
"418",6252,"6252_330_12","ambient",12,3,"M","330",NA,NA,NA,NA
"419",6252,"6252_99_9","ambient",9,3,"M","99",NA,NA,NA,NA
"420",6253,"6253_25_9","warm",9,0,"I","25",NA,NA,NA,NA
"421",6253,"6253_275_12","warm",12,0,"I","275",NA,NA,NA,NA
"422",6254,"6254_296_12","warm",12,0,"I","296",NA,NA,NA,NA
"423",6254,"6254_69_9","warm",9,0,"I","69",NA,NA,NA,NA
"424",6255,"6255_143_9","warm",9,1,"I","143",NA,NA,NA,NA
"425",6255,"6255_262_12","warm",12,1,"I","262",NA,NA,NA,NA
"426",6256,"6256_146_9","warm",9,1,"I","146",NA,NA,NA,NA
"427",6256,"6256_283_12","warm",12,1,"I","283",NA,NA,NA,NA
"428",6257,"6257_138_9","warm",9,1,"I","138",NA,NA,NA,NA
"429",6257,"6257_363_12","warm",12,1,"I","363",NA,NA,NA,NA
"430",6258,"6258_140_9","warm",9,3,"M","140",NA,NA,NA,NA
"431",6258,"6258_261_12","warm",12,3,"M","261",NA,NA,NA,NA
"432",6259,"6259_139_9","warm",9,0,"M","139",NA,NA,NA,NA
"433",6259,"6259_281_12","warm",12,0,"M","281",NA,NA,NA,NA
"434",6260,"6260_136_9","warm",9,0,"M","136",NA,NA,NA,NA
"435",6260,"6260_374_12","warm",12,0,"M","374",NA,NA,NA,NA
"436",6261,"6261_164_9","warm",9,1,"I","164",NA,NA,NA,NA
"437",6261,"6261_273_12","warm",12,1,"I","273",NA,NA,NA,NA
"438",6262,"6262_168_9","warm",9,1,"I","168",NA,NA,NA,NA
"439",6262,"6262_289_12","warm",12,1,"I","289",NA,NA,NA,NA
"440",6263,"6263_179_9","warm",9,1,"I","179",NA,NA,NA,NA
"441",6263,"6263_368_12","warm",12,1,"I","368",NA,NA,NA,NA
"442",6264,"6264_180_9","warm",9,0,"I","180",NA,NA,NA,NA
"443",6264,"6264_268_12","warm",12,0,"I","268",NA,NA,NA,NA
"444",6265,"6265_155_9","warm",9,0,"I","155",NA,NA,NA,NA
"445",6265,"6265_282_12","warm",12,0,"I","282",NA,NA,NA,NA
"446",6266,"6266_156_9","warm",9,1,"I","156",NA,NA,NA,NA
"447",6266,"6266_264_12","warm",12,1,"I","264",NA,NA,NA,NA
"448",6267,"6267_159_9","warm",9,1,"I","159",NA,NA,NA,NA
"449",6267,"6267_288_12","warm",12,1,"I","288",NA,NA,NA,NA
"450",6268,"6268_369_12","warm",12,0,"I","369",NA,NA,NA,NA
"451",6268,"6268_97_9","warm",9,0,"I","97",NA,NA,NA,NA
"452",6269,"6269_160_9","warm",9,1,"I","160",NA,NA,NA,NA
"453",6269,"6269_364_12","warm",12,1,"I","364",NA,NA,NA,NA
"454",6270,"6270_131_9","warm",9,0,"M","131",NA,NA,NA,NA
"455",6270,"6270_269_12","warm",12,0,"M","269",NA,NA,NA,NA
"456",6271,"6271_105_9","warm",9,0,"M","105",NA,NA,NA,NA
"457",6271,"6271_295_12","warm",12,0,"M","295",NA,NA,NA,NA
"458",6272,"6272_111_9","ambient",9,0,"I","111",NA,NA,NA,NA
"459",6272,"6272_338_12","ambient",12,0,"I","338",NA,NA,NA,NA
"460",6273,"6273_127_9","warm",9,1,"I","127",NA,NA,NA,NA
"461",6273,"6273_280_12","warm",12,1,"I","280",NA,NA,NA,NA
"462",6274,"6274_122_9","warm",9,1,"I","122",NA,NA,NA,NA
"463",6274,"6274_367_12","warm",12,1,"I","367",NA,NA,NA,NA
"464",6275,"6275_110_9","warm",9,3,"M","110",NA,NA,NA,NA
"465",6275,"6275_372_12","warm",12,3,"M","372",NA,NA,NA,NA
"466",6276,"6276_50_9","ambient",9,0,"I","50",NA,NA,NA,NA
"467",6277,"6277_177_9","cold",9,0,"I","177",NA,NA,NA,NA
"468",6278,"6278__12","cold",12,1,"I","",NA,NA,NA,NA
"469",6278,"6278_147_9","cold",9,1,"I","147",NA,NA,NA,NA
"470",6278,"6278_413_26","cold",26,1,"I","413",NA,NA,NA,NA
"471",6279,"6279_13_9","cold",9,1,"I","13",NA,NA,NA,NA
"472",6279,"6279_219_12","cold",12,1,"I","219",NA,NA,NA,NA
"473",6279,"6279_411_26","cold",26,1,"I","411",NA,NA,NA,NA
"474",6280,"6280_tes_NA",NA,NA,3,NA,"test1",NA,NA,NA,NA
"475",6281,"6281_tes_NA",NA,NA,3,"I","test2",NA,NA,NA,NA
"476",6282,"6282_tes_NA",NA,NA,3,"M","test3",NA,NA,NA,NA
